<?xml version="1.0" encoding="UTF-8"?>

<ROOT xmlns:xsi="http://www.w3.org/2001/XMLSchema-instance">
    <row>
      <field name="help_category_id">1</field>
      <field name="name">Geographic</field>
    </row>
    <row>
      <field name="help_category_id">2</field>
      <field name="name">Polygon properties</field>
    </row>
    <row>
      <field name="help_category_id">3</field>
      <field name="name">WKT</field>
    </row>
    <row>
      <field name="help_category_id">4</field>
      <field name="name">Numeric Functions</field>
    </row>
    <row>
      <field name="help_category_id">5</field>
      <field name="name">Plugins</field>
    </row>
    <row>
      <field name="help_category_id">6</field>
      <field name="name">MBR</field>
    </row>
    <row>
      <field name="help_category_id">7</field>
      <field name="name">Control flow functions</field>
    </row>
    <row>
      <field name="help_category_id">8</field>
      <field name="name">Transactions</field>
    </row>
    <row>
      <field name="help_category_id">9</field>
      <field name="name">Help Metadata</field>
    </row>
    <row>
      <field name="help_category_id">10</field>
      <field name="name">Account Management</field>
    </row>
    <row>
      <field name="help_category_id">11</field>
      <field name="name">Point properties</field>
    </row>
    <row>
      <field name="help_category_id">12</field>
      <field name="name">Encryption Functions</field>
    </row>
    <row>
      <field name="help_category_id">13</field>
      <field name="name">LineString properties</field>
    </row>
    <row>
      <field name="help_category_id">14</field>
      <field name="name">Logical operators</field>
    </row>
    <row>
      <field name="help_category_id">15</field>
      <field name="name">Miscellaneous Functions</field>
    </row>
    <row>
      <field name="help_category_id">16</field>
      <field name="name">Functions and Modifiers for Use with GROUP BY</field>
    </row>
    <row>
      <field name="help_category_id">17</field>
      <field name="name">Information Functions</field>
    </row>
    <row>
      <field name="help_category_id">18</field>
      <field name="name">Comparison operators</field>
    </row>
    <row>
      <field name="help_category_id">19</field>
      <field name="name">Bit Functions</field>
    </row>
    <row>
      <field name="help_category_id">20</field>
      <field name="name">Table Maintenance</field>
    </row>
    <row>
      <field name="help_category_id">21</field>
      <field name="name">User-Defined Functions</field>
    </row>
    <row>
      <field name="help_category_id">22</field>
      <field name="name">Data Types</field>
    </row>
    <row>
      <field name="help_category_id">23</field>
      <field name="name">Compound Statements</field>
    </row>
    <row>
      <field name="help_category_id">24</field>
      <field name="name">Geometry constructors</field>
    </row>
    <row>
      <field name="help_category_id">25</field>
      <field name="name">GeometryCollection properties</field>
    </row>
    <row>
      <field name="help_category_id">26</field>
      <field name="name">Administration</field>
    </row>
    <row>
      <field name="help_category_id">27</field>
      <field name="name">Data Manipulation</field>
    </row>
    <row>
      <field name="help_category_id">28</field>
      <field name="name">Utility</field>
    </row>
    <row>
      <field name="help_category_id">29</field>
      <field name="name">Language Structure</field>
    </row>
    <row>
      <field name="help_category_id">30</field>
      <field name="name">Geometry relations</field>
    </row>
    <row>
      <field name="help_category_id">31</field>
      <field name="name">Date and Time Functions</field>
    </row>
    <row>
      <field name="help_category_id">32</field>
      <field name="name">WKB</field>
    </row>
    <row>
      <field name="help_category_id">33</field>
      <field name="name">Geographic Features</field>
    </row>
    <row>
      <field name="help_category_id">34</field>
      <field name="name">Contents</field>
    </row>
    <row>
      <field name="help_category_id">35</field>
      <field name="name">Geometry properties</field>
    </row>
    <row>
      <field name="help_category_id">36</field>
      <field name="name">String Functions</field>
    </row>
    <row>
      <field name="help_category_id">37</field>
      <field name="name">Functions</field>
    </row>
    <row>
      <field name="help_category_id">38</field>
      <field name="name">Data Definition</field>
    </row>
</ROOT>
