<?xml version="1.0" encoding="UTF-8"?>

<ROOT xmlns:xsi="http://www.w3.org/2001/XMLSchema-instance">
    <row>
      <field name="help_keyword_id">0</field>
      <field name="name">JOIN</field>
    </row>
    <row>
      <field name="help_keyword_id">1</field>
      <field name="name">HOST</field>
    </row>
    <row>
      <field name="help_keyword_id">2</field>
      <field name="name">REPEAT</field>
    </row>
    <row>
      <field name="help_keyword_id">3</field>
      <field name="name">SERIALIZABLE</field>
    </row>
    <row>
      <field name="help_keyword_id">4</field>
      <field name="name">REPLACE</field>
    </row>
    <row>
      <field name="help_keyword_id">5</field>
      <field name="name">AT</field>
    </row>
    <row>
      <field name="help_keyword_id">6</field>
      <field name="name">SCHEDULE</field>
    </row>
    <row>
      <field name="help_keyword_id">7</field>
      <field name="name">RETURNS</field>
    </row>
    <row>
      <field name="help_keyword_id">8</field>
      <field name="name">STARTS</field>
    </row>
    <row>
      <field name="help_keyword_id">9</field>
      <field name="name">MASTER_SSL_CA</field>
    </row>
    <row>
      <field name="help_keyword_id">10</field>
      <field name="name">NCHAR</field>
    </row>
    <row>
      <field name="help_keyword_id">11</field>
      <field name="name">COLUMNS</field>
    </row>
    <row>
      <field name="help_keyword_id">12</field>
      <field name="name">COMPLETION</field>
    </row>
    <row>
      <field name="help_keyword_id">13</field>
      <field name="name">WORK</field>
    </row>
    <row>
      <field name="help_keyword_id">14</field>
      <field name="name">DATETIME</field>
    </row>
    <row>
      <field name="help_keyword_id">15</field>
      <field name="name">MODE</field>
    </row>
    <row>
      <field name="help_keyword_id">16</field>
      <field name="name">OPEN</field>
    </row>
    <row>
      <field name="help_keyword_id">17</field>
      <field name="name">INTEGER</field>
    </row>
    <row>
      <field name="help_keyword_id">18</field>
      <field name="name">ESCAPE</field>
    </row>
    <row>
      <field name="help_keyword_id">19</field>
      <field name="name">VALUE</field>
    </row>
    <row>
      <field name="help_keyword_id">20</field>
      <field name="name">MASTER_SSL_VERIFY_SERVER_CERT</field>
    </row>
    <row>
      <field name="help_keyword_id">21</field>
      <field name="name">SQL_BIG_RESULT</field>
    </row>
    <row>
      <field name="help_keyword_id">22</field>
      <field name="name">DROP</field>
    </row>
    <row>
      <field name="help_keyword_id">23</field>
      <field name="name">GEOMETRYCOLLECTIONFROMWKB</field>
    </row>
    <row>
      <field name="help_keyword_id">24</field>
      <field name="name">EVENTS</field>
    </row>
    <row>
      <field name="help_keyword_id">25</field>
      <field name="name">MONTH</field>
    </row>
    <row>
      <field name="help_keyword_id">26</field>
      <field name="name">INFO</field>
    </row>
    <row>
      <field name="help_keyword_id">27</field>
      <field name="name">PROFILES</field>
    </row>
    <row>
      <field name="help_keyword_id">28</field>
      <field name="name">DUPLICATE</field>
    </row>
    <row>
      <field name="help_keyword_id">29</field>
      <field name="name">REPLICATION</field>
    </row>
    <row>
      <field name="help_keyword_id">30</field>
      <field name="name">UNLOCK</field>
    </row>
    <row>
      <field name="help_keyword_id">31</field>
      <field name="name">INNODB</field>
    </row>
    <row>
      <field name="help_keyword_id">32</field>
      <field name="name">YEAR_MONTH</field>
    </row>
    <row>
      <field name="help_keyword_id">33</field>
      <field name="name">SUBJECT</field>
    </row>
    <row>
      <field name="help_keyword_id">34</field>
      <field name="name">PREPARE</field>
    </row>
    <row>
      <field name="help_keyword_id">35</field>
      <field name="name">LOCK</field>
    </row>
    <row>
      <field name="help_keyword_id">36</field>
      <field name="name">CHECK</field>
    </row>
    <row>
      <field name="help_keyword_id">37</field>
      <field name="name">FULL</field>
    </row>
    <row>
      <field name="help_keyword_id">38</field>
      <field name="name">INT4</field>
    </row>
    <row>
      <field name="help_keyword_id">39</field>
      <field name="name">BY</field>
    </row>
    <row>
      <field name="help_keyword_id">40</field>
      <field name="name">NO</field>
    </row>
    <row>
      <field name="help_keyword_id">41</field>
      <field name="name">MINUTE</field>
    </row>
    <row>
      <field name="help_keyword_id">42</field>
      <field name="name">PARTITION</field>
    </row>
    <row>
      <field name="help_keyword_id">43</field>
      <field name="name">DATA</field>
    </row>
    <row>
      <field name="help_keyword_id">44</field>
      <field name="name">DAY</field>
    </row>
    <row>
      <field name="help_keyword_id">45</field>
      <field name="name">SHARE</field>
    </row>
    <row>
      <field name="help_keyword_id">46</field>
      <field name="name">REAL</field>
    </row>
    <row>
      <field name="help_keyword_id">47</field>
      <field name="name">SEPARATOR</field>
    </row>
    <row>
      <field name="help_keyword_id">48</field>
      <field name="name">MESSAGE_TEXT</field>
    </row>
    <row>
      <field name="help_keyword_id">49</field>
      <field name="name">MASTER_HEARTBEAT_PERIOD</field>
    </row>
    <row>
      <field name="help_keyword_id">50</field>
      <field name="name">DELETE</field>
    </row>
    <row>
      <field name="help_keyword_id">51</field>
      <field name="name">ON</field>
    </row>
    <row>
      <field name="help_keyword_id">52</field>
      <field name="name">COLUMN_NAME</field>
    </row>
    <row>
      <field name="help_keyword_id">53</field>
      <field name="name">CONNECTION</field>
    </row>
    <row>
      <field name="help_keyword_id">54</field>
      <field name="name">CLOSE</field>
    </row>
    <row>
      <field name="help_keyword_id">55</field>
      <field name="name">X509</field>
    </row>
    <row>
      <field name="help_keyword_id">56</field>
      <field name="name">USE</field>
    </row>
    <row>
      <field name="help_keyword_id">57</field>
      <field name="name">SUBCLASS_ORIGIN</field>
    </row>
    <row>
      <field name="help_keyword_id">58</field>
      <field name="name">WHERE</field>
    </row>
    <row>
      <field name="help_keyword_id">59</field>
      <field name="name">PRIVILEGES</field>
    </row>
    <row>
      <field name="help_keyword_id">60</field>
      <field name="name">SPATIAL</field>
    </row>
    <row>
      <field name="help_keyword_id">61</field>
      <field name="name">EVENT</field>
    </row>
    <row>
      <field name="help_keyword_id">62</field>
      <field name="name">SUPER</field>
    </row>
    <row>
      <field name="help_keyword_id">63</field>
      <field name="name">SQL_BUFFER_RESULT</field>
    </row>
    <row>
      <field name="help_keyword_id">64</field>
      <field name="name">IGNORE</field>
    </row>
    <row>
      <field name="help_keyword_id">65</field>
      <field name="name">SHA2</field>
    </row>
    <row>
      <field name="help_keyword_id">66</field>
      <field name="name">QUICK</field>
    </row>
    <row>
      <field name="help_keyword_id">67</field>
      <field name="name">SIGNED</field>
    </row>
    <row>
      <field name="help_keyword_id">68</field>
      <field name="name">SECURITY</field>
    </row>
    <row>
      <field name="help_keyword_id">69</field>
      <field name="name">POLYGONFROMWKB</field>
    </row>
    <row>
      <field name="help_keyword_id">70</field>
      <field name="name">FALSE</field>
    </row>
    <row>
      <field name="help_keyword_id">71</field>
      <field name="name">LEVEL</field>
    </row>
    <row>
      <field name="help_keyword_id">72</field>
      <field name="name">FORCE</field>
    </row>
    <row>
      <field name="help_keyword_id">73</field>
      <field name="name">BINARY</field>
    </row>
    <row>
      <field name="help_keyword_id">74</field>
      <field name="name">TO</field>
    </row>
    <row>
      <field name="help_keyword_id">75</field>
      <field name="name">CHANGE</field>
    </row>
    <row>
      <field name="help_keyword_id">76</field>
      <field name="name">CURRENT_USER</field>
    </row>
    <row>
      <field name="help_keyword_id">77</field>
      <field name="name">HOUR_MINUTE</field>
    </row>
    <row>
      <field name="help_keyword_id">78</field>
      <field name="name">UPDATE</field>
    </row>
    <row>
      <field name="help_keyword_id">79</field>
      <field name="name">PRESERVE</field>
    </row>
    <row>
      <field name="help_keyword_id">80</field>
      <field name="name">TABLE_NAME</field>
    </row>
    <row>
      <field name="help_keyword_id">81</field>
      <field name="name">INTO</field>
    </row>
    <row>
      <field name="help_keyword_id">82</field>
      <field name="name">FEDERATED</field>
    </row>
    <row>
      <field name="help_keyword_id">83</field>
      <field name="name">VARYING</field>
    </row>
    <row>
      <field name="help_keyword_id">84</field>
      <field name="name">HOUR_SECOND</field>
    </row>
    <row>
      <field name="help_keyword_id">85</field>
      <field name="name">VARIABLE</field>
    </row>
    <row>
      <field name="help_keyword_id">86</field>
      <field name="name">ROLLBACK</field>
    </row>
    <row>
      <field name="help_keyword_id">87</field>
      <field name="name">PROCEDURE</field>
    </row>
    <row>
      <field name="help_keyword_id">88</field>
      <field name="name">TIMESTAMP</field>
    </row>
    <row>
      <field name="help_keyword_id">89</field>
      <field name="name">IMPORT</field>
    </row>
    <row>
      <field name="help_keyword_id">90</field>
      <field name="name">AGAINST</field>
    </row>
    <row>
      <field name="help_keyword_id">91</field>
      <field name="name">CHECKSUM</field>
    </row>
    <row>
      <field name="help_keyword_id">92</field>
      <field name="name">COUNT</field>
    </row>
    <row>
      <field name="help_keyword_id">93</field>
      <field name="name">LONGBINARY</field>
    </row>
    <row>
      <field name="help_keyword_id">94</field>
      <field name="name">THEN</field>
    </row>
    <row>
      <field name="help_keyword_id">95</field>
      <field name="name">INSERT</field>
    </row>
    <row>
      <field name="help_keyword_id">96</field>
      <field name="name">ENGINES</field>
    </row>
    <row>
      <field name="help_keyword_id">97</field>
      <field name="name">HANDLER</field>
    </row>
    <row>
      <field name="help_keyword_id">98</field>
      <field name="name">PORT</field>
    </row>
    <row>
      <field name="help_keyword_id">99</field>
      <field name="name">DAY_SECOND</field>
    </row>
    <row>
      <field name="help_keyword_id">100</field>
      <field name="name">EXISTS</field>
    </row>
    <row>
      <field name="help_keyword_id">101</field>
      <field name="name">MUTEX</field>
    </row>
    <row>
      <field name="help_keyword_id">102</field>
      <field name="name">HELP_DATE</field>
    </row>
    <row>
      <field name="help_keyword_id">103</field>
      <field name="name">RELEASE</field>
    </row>
    <row>
      <field name="help_keyword_id">104</field>
      <field name="name">BOOLEAN</field>
    </row>
    <row>
      <field name="help_keyword_id">105</field>
      <field name="name">MOD</field>
    </row>
    <row>
      <field name="help_keyword_id">106</field>
      <field name="name">DEFAULT</field>
    </row>
    <row>
      <field name="help_keyword_id">107</field>
      <field name="name">TYPE</field>
    </row>
    <row>
      <field name="help_keyword_id">108</field>
      <field name="name">NO_WRITE_TO_BINLOG</field>
    </row>
    <row>
      <field name="help_keyword_id">109</field>
      <field name="name">OPTIMIZE</field>
    </row>
    <row>
      <field name="help_keyword_id">110</field>
      <field name="name">SQLSTATE</field>
    </row>
    <row>
      <field name="help_keyword_id">111</field>
      <field name="name">RESET</field>
    </row>
    <row>
      <field name="help_keyword_id">112</field>
      <field name="name">CLASS_ORIGIN</field>
    </row>
    <row>
      <field name="help_keyword_id">113</field>
      <field name="name">ITERATE</field>
    </row>
    <row>
      <field name="help_keyword_id">114</field>
      <field name="name">INSTALL</field>
    </row>
    <row>
      <field name="help_keyword_id">115</field>
      <field name="name">DO</field>
    </row>
    <row>
      <field name="help_keyword_id">116</field>
      <field name="name">BIGINT</field>
    </row>
    <row>
      <field name="help_keyword_id">117</field>
      <field name="name">SET</field>
    </row>
    <row>
      <field name="help_keyword_id">118</field>
      <field name="name">ISSUER</field>
    </row>
    <row>
      <field name="help_keyword_id">119</field>
      <field name="name">DATE</field>
    </row>
    <row>
      <field name="help_keyword_id">120</field>
      <field name="name">STATUS</field>
    </row>
    <row>
      <field name="help_keyword_id">121</field>
      <field name="name">FULLTEXT</field>
    </row>
    <row>
      <field name="help_keyword_id">122</field>
      <field name="name">COMMENT</field>
    </row>
    <row>
      <field name="help_keyword_id">123</field>
      <field name="name">MASTER_CONNECT_RETRY</field>
    </row>
    <row>
      <field name="help_keyword_id">124</field>
      <field name="name">INNER</field>
    </row>
    <row>
      <field name="help_keyword_id">125</field>
      <field name="name">RELAYLOG</field>
    </row>
    <row>
      <field name="help_keyword_id">126</field>
      <field name="name">STOP</field>
    </row>
    <row>
      <field name="help_keyword_id">127</field>
      <field name="name">MASTER_LOG_FILE</field>
    </row>
    <row>
      <field name="help_keyword_id">128</field>
      <field name="name">MRG_MYISAM</field>
    </row>
    <row>
      <field name="help_keyword_id">129</field>
      <field name="name">PRECISION</field>
    </row>
    <row>
      <field name="help_keyword_id">130</field>
      <field name="name">REQUIRE</field>
    </row>
    <row>
      <field name="help_keyword_id">131</field>
      <field name="name">TRAILING</field>
    </row>
    <row>
      <field name="help_keyword_id">132</field>
      <field name="name">PARTITIONS</field>
    </row>
    <row>
      <field name="help_keyword_id">133</field>
      <field name="name">LONG</field>
    </row>
    <row>
      <field name="help_keyword_id">134</field>
      <field name="name">OPTION</field>
    </row>
    <row>
      <field name="help_keyword_id">135</field>
      <field name="name">REORGANIZE</field>
    </row>
    <row>
      <field name="help_keyword_id">136</field>
      <field name="name">ELSE</field>
    </row>
    <row>
      <field name="help_keyword_id">137</field>
      <field name="name">DEALLOCATE</field>
    </row>
    <row>
      <field name="help_keyword_id">138</field>
      <field name="name">IO_THREAD</field>
    </row>
    <row>
      <field name="help_keyword_id">139</field>
      <field name="name">CASE</field>
    </row>
    <row>
      <field name="help_keyword_id">140</field>
      <field name="name">CIPHER</field>
    </row>
    <row>
      <field name="help_keyword_id">141</field>
      <field name="name">CONTINUE</field>
    </row>
    <row>
      <field name="help_keyword_id">142</field>
      <field name="name">FROM</field>
    </row>
    <row>
      <field name="help_keyword_id">143</field>
      <field name="name">READ</field>
    </row>
    <row>
      <field name="help_keyword_id">144</field>
      <field name="name">LEFT</field>
    </row>
    <row>
      <field name="help_keyword_id">145</field>
      <field name="name">ELSEIF</field>
    </row>
    <row>
      <field name="help_keyword_id">146</field>
      <field name="name">MINUTE_SECOND</field>
    </row>
    <row>
      <field name="help_keyword_id">147</field>
      <field name="name">COMPACT</field>
    </row>
    <row>
      <field name="help_keyword_id">148</field>
      <field name="name">DEC</field>
    </row>
    <row>
      <field name="help_keyword_id">149</field>
      <field name="name">FOR</field>
    </row>
    <row>
      <field name="help_keyword_id">150</field>
      <field name="name">WARNINGS</field>
    </row>
    <row>
      <field name="help_keyword_id">151</field>
      <field name="name">MIN_ROWS</field>
    </row>
    <row>
      <field name="help_keyword_id">152</field>
      <field name="name">CONDITION</field>
    </row>
    <row>
      <field name="help_keyword_id">153</field>
      <field name="name">STRING</field>
    </row>
    <row>
      <field name="help_keyword_id">154</field>
      <field name="name">ENCLOSED</field>
    </row>
    <row>
      <field name="help_keyword_id">155</field>
      <field name="name">FUNCTION</field>
    </row>
    <row>
      <field name="help_keyword_id">156</field>
      <field name="name">AGGREGATE</field>
    </row>
    <row>
      <field name="help_keyword_id">157</field>
      <field name="name">FIELDS</field>
    </row>
    <row>
      <field name="help_keyword_id">158</field>
      <field name="name">INT3</field>
    </row>
    <row>
      <field name="help_keyword_id">159</field>
      <field name="name">ARCHIVE</field>
    </row>
    <row>
      <field name="help_keyword_id">160</field>
      <field name="name">AVG_ROW_LENGTH</field>
    </row>
    <row>
      <field name="help_keyword_id">161</field>
      <field name="name">ADD</field>
    </row>
    <row>
      <field name="help_keyword_id">162</field>
      <field name="name">KILL</field>
    </row>
    <row>
      <field name="help_keyword_id">163</field>
      <field name="name">FLOAT4</field>
    </row>
    <row>
      <field name="help_keyword_id">164</field>
      <field name="name">TABLESPACE</field>
    </row>
    <row>
      <field name="help_keyword_id">165</field>
      <field name="name">VIEW</field>
    </row>
    <row>
      <field name="help_keyword_id">166</field>
      <field name="name">REPEATABLE</field>
    </row>
    <row>
      <field name="help_keyword_id">167</field>
      <field name="name">INFILE</field>
    </row>
    <row>
      <field name="help_keyword_id">168</field>
      <field name="name">HELP_VERSION</field>
    </row>
    <row>
      <field name="help_keyword_id">169</field>
      <field name="name">ORDER</field>
    </row>
    <row>
      <field name="help_keyword_id">170</field>
      <field name="name">USING</field>
    </row>
    <row>
      <field name="help_keyword_id">171</field>
      <field name="name">CONSTRAINT_CATALOG</field>
    </row>
    <row>
      <field name="help_keyword_id">172</field>
      <field name="name">MIDDLEINT</field>
    </row>
    <row>
      <field name="help_keyword_id">173</field>
      <field name="name">GRANT</field>
    </row>
    <row>
      <field name="help_keyword_id">174</field>
      <field name="name">UNSIGNED</field>
    </row>
    <row>
      <field name="help_keyword_id">175</field>
      <field name="name">DECIMAL</field>
    </row>
    <row>
      <field name="help_keyword_id">176</field>
      <field name="name">GEOMETRYFROMTEXT</field>
    </row>
    <row>
      <field name="help_keyword_id">177</field>
      <field name="name">INDEXES</field>
    </row>
    <row>
      <field name="help_keyword_id">178</field>
      <field name="name">FOREIGN</field>
    </row>
    <row>
      <field name="help_keyword_id">179</field>
      <field name="name">CACHE</field>
    </row>
    <row>
      <field name="help_keyword_id">180</field>
      <field name="name">MYSQL_ERRNO</field>
    </row>
    <row>
      <field name="help_keyword_id">181</field>
      <field name="name">HOSTS</field>
    </row>
    <row>
      <field name="help_keyword_id">182</field>
      <field name="name">COMMIT</field>
    </row>
    <row>
      <field name="help_keyword_id">183</field>
      <field name="name">SCHEMAS</field>
    </row>
    <row>
      <field name="help_keyword_id">184</field>
      <field name="name">LEADING</field>
    </row>
    <row>
      <field name="help_keyword_id">185</field>
      <field name="name">SNAPSHOT</field>
    </row>
    <row>
      <field name="help_keyword_id">186</field>
      <field name="name">CONSTRAINT_NAME</field>
    </row>
    <row>
      <field name="help_keyword_id">187</field>
      <field name="name">DECLARE</field>
    </row>
    <row>
      <field name="help_keyword_id">188</field>
      <field name="name">LOAD</field>
    </row>
    <row>
      <field name="help_keyword_id">189</field>
      <field name="name">SQL_CACHE</field>
    </row>
    <row>
      <field name="help_keyword_id">190</field>
      <field name="name">CONVERT</field>
    </row>
    <row>
      <field name="help_keyword_id">191</field>
      <field name="name">DYNAMIC</field>
    </row>
    <row>
      <field name="help_keyword_id">192</field>
      <field name="name">COLLATE</field>
    </row>
    <row>
      <field name="help_keyword_id">193</field>
      <field name="name">POLYGONFROMTEXT</field>
    </row>
    <row>
      <field name="help_keyword_id">194</field>
      <field name="name">BYTE</field>
    </row>
    <row>
      <field name="help_keyword_id">195</field>
      <field name="name">GLOBAL</field>
    </row>
    <row>
      <field name="help_keyword_id">196</field>
      <field name="name">LINESTRINGFROMWKB</field>
    </row>
    <row>
      <field name="help_keyword_id">197</field>
      <field name="name">WHEN</field>
    </row>
    <row>
      <field name="help_keyword_id">198</field>
      <field name="name">HAVING</field>
    </row>
    <row>
      <field name="help_keyword_id">199</field>
      <field name="name">AS</field>
    </row>
    <row>
      <field name="help_keyword_id">200</field>
      <field name="name">STARTING</field>
    </row>
    <row>
      <field name="help_keyword_id">201</field>
      <field name="name">RELOAD</field>
    </row>
    <row>
      <field name="help_keyword_id">202</field>
      <field name="name">AUTOCOMMIT</field>
    </row>
    <row>
      <field name="help_keyword_id">203</field>
      <field name="name">REVOKE</field>
    </row>
    <row>
      <field name="help_keyword_id">204</field>
      <field name="name">GRANTS</field>
    </row>
    <row>
      <field name="help_keyword_id">205</field>
      <field name="name">OUTER</field>
    </row>
    <row>
      <field name="help_keyword_id">206</field>
      <field name="name">CURSOR_NAME</field>
    </row>
    <row>
      <field name="help_keyword_id">207</field>
      <field name="name">FLOOR</field>
    </row>
    <row>
      <field name="help_keyword_id">208</field>
      <field name="name">EXPLAIN</field>
    </row>
    <row>
      <field name="help_keyword_id">209</field>
      <field name="name">WITH</field>
    </row>
    <row>
      <field name="help_keyword_id">210</field>
      <field name="name">AFTER</field>
    </row>
    <row>
      <field name="help_keyword_id">211</field>
      <field name="name">STD</field>
    </row>
    <row>
      <field name="help_keyword_id">212</field>
      <field name="name">CSV</field>
    </row>
    <row>
      <field name="help_keyword_id">213</field>
      <field name="name">DISABLE</field>
    </row>
    <row>
      <field name="help_keyword_id">214</field>
      <field name="name">UNINSTALL</field>
    </row>
    <row>
      <field name="help_keyword_id">215</field>
      <field name="name">OUTFILE</field>
    </row>
    <row>
      <field name="help_keyword_id">216</field>
      <field name="name">LOW_PRIORITY</field>
    </row>
    <row>
      <field name="help_keyword_id">217</field>
      <field name="name">FILE</field>
    </row>
    <row>
      <field name="help_keyword_id">218</field>
      <field name="name">SCHEMA</field>
    </row>
    <row>
      <field name="help_keyword_id">219</field>
      <field name="name">SONAME</field>
    </row>
    <row>
      <field name="help_keyword_id">220</field>
      <field name="name">POW</field>
    </row>
    <row>
      <field name="help_keyword_id">221</field>
      <field name="name">DUAL</field>
    </row>
    <row>
      <field name="help_keyword_id">222</field>
      <field name="name">MULTIPOINTFROMWKB</field>
    </row>
    <row>
      <field name="help_keyword_id">223</field>
      <field name="name">INDEX</field>
    </row>
    <row>
      <field name="help_keyword_id">224</field>
      <field name="name">MULTIPOINTFROMTEXT</field>
    </row>
    <row>
      <field name="help_keyword_id">225</field>
      <field name="name">DEFINER</field>
    </row>
    <row>
      <field name="help_keyword_id">226</field>
      <field name="name">REMOVE</field>
    </row>
    <row>
      <field name="help_keyword_id">227</field>
      <field name="name">EXTENDED</field>
    </row>
    <row>
      <field name="help_keyword_id">228</field>
      <field name="name">MULTILINESTRINGFROMWKB</field>
    </row>
    <row>
      <field name="help_keyword_id">229</field>
      <field name="name">CROSS</field>
    </row>
    <row>
      <field name="help_keyword_id">230</field>
      <field name="name">CONTRIBUTORS</field>
    </row>
    <row>
      <field name="help_keyword_id">231</field>
      <field name="name">GROUP</field>
    </row>
    <row>
      <field name="help_keyword_id">232</field>
      <field name="name">NATIONAL</field>
    </row>
    <row>
      <field name="help_keyword_id">233</field>
      <field name="name">SHA</field>
    </row>
    <row>
      <field name="help_keyword_id">234</field>
      <field name="name">UNDO</field>
    </row>
    <row>
      <field name="help_keyword_id">235</field>
      <field name="name">IGNORE_SERVER_IDS</field>
    </row>
    <row>
      <field name="help_keyword_id">236</field>
      <field name="name">ZEROFILL</field>
    </row>
    <row>
      <field name="help_keyword_id">237</field>
      <field name="name">CLIENT</field>
    </row>
    <row>
      <field name="help_keyword_id">238</field>
      <field name="name">MASTER_PASSWORD</field>
    </row>
    <row>
      <field name="help_keyword_id">239</field>
      <field name="name">OWNER</field>
    </row>
    <row>
      <field name="help_keyword_id">240</field>
      <field name="name">RELAY_LOG_FILE</field>
    </row>
    <row>
      <field name="help_keyword_id">241</field>
      <field name="name">TRUE</field>
    </row>
    <row>
      <field name="help_keyword_id">242</field>
      <field name="name">CHARACTER</field>
    </row>
    <row>
      <field name="help_keyword_id">243</field>
      <field name="name">MASTER_USER</field>
    </row>
    <row>
      <field name="help_keyword_id">244</field>
      <field name="name">SCHEMA_NAME</field>
    </row>
    <row>
      <field name="help_keyword_id">245</field>
      <field name="name">TABLE</field>
    </row>
    <row>
      <field name="help_keyword_id">246</field>
      <field name="name">ENGINE</field>
    </row>
    <row>
      <field name="help_keyword_id">247</field>
      <field name="name">INSERT_METHOD</field>
    </row>
    <row>
      <field name="help_keyword_id">248</field>
      <field name="name">CASCADE</field>
    </row>
    <row>
      <field name="help_keyword_id">249</field>
      <field name="name">RELAY_LOG_POS</field>
    </row>
    <row>
      <field name="help_keyword_id">250</field>
      <field name="name">SQL_CALC_FOUND_ROWS</field>
    </row>
    <row>
      <field name="help_keyword_id">251</field>
      <field name="name">UNION</field>
    </row>
    <row>
      <field name="help_keyword_id">252</field>
      <field name="name">MYISAM</field>
    </row>
    <row>
      <field name="help_keyword_id">253</field>
      <field name="name">LEAVE</field>
    </row>
    <row>
      <field name="help_keyword_id">254</field>
      <field name="name">MODIFY</field>
    </row>
    <row>
      <field name="help_keyword_id">255</field>
      <field name="name">MATCH</field>
    </row>
    <row>
      <field name="help_keyword_id">256</field>
      <field name="name">MASTER_LOG_POS</field>
    </row>
    <row>
      <field name="help_keyword_id">257</field>
      <field name="name">DISTINCTROW</field>
    </row>
    <row>
      <field name="help_keyword_id">258</field>
      <field name="name">DESC</field>
    </row>
    <row>
      <field name="help_keyword_id">259</field>
      <field name="name">TIME</field>
    </row>
    <row>
      <field name="help_keyword_id">260</field>
      <field name="name">NUMERIC</field>
    </row>
    <row>
      <field name="help_keyword_id">261</field>
      <field name="name">EXPANSION</field>
    </row>
    <row>
      <field name="help_keyword_id">262</field>
      <field name="name">CURSOR</field>
    </row>
    <row>
      <field name="help_keyword_id">263</field>
      <field name="name">CODE</field>
    </row>
    <row>
      <field name="help_keyword_id">264</field>
      <field name="name">GEOMETRYCOLLECTIONFROMTEXT</field>
    </row>
    <row>
      <field name="help_keyword_id">265</field>
      <field name="name">CHAIN</field>
    </row>
    <row>
      <field name="help_keyword_id">266</field>
      <field name="name">FLUSH</field>
    </row>
    <row>
      <field name="help_keyword_id">267</field>
      <field name="name">CREATE</field>
    </row>
    <row>
      <field name="help_keyword_id">268</field>
      <field name="name">DESCRIBE</field>
    </row>
    <row>
      <field name="help_keyword_id">269</field>
      <field name="name">MAX_UPDATES_PER_HOUR</field>
    </row>
    <row>
      <field name="help_keyword_id">270</field>
      <field name="name">INT2</field>
    </row>
    <row>
      <field name="help_keyword_id">271</field>
      <field name="name">PROCESSLIST</field>
    </row>
    <row>
      <field name="help_keyword_id">272</field>
      <field name="name">ENDS</field>
    </row>
    <row>
      <field name="help_keyword_id">273</field>
      <field name="name">LOGS</field>
    </row>
    <row>
      <field name="help_keyword_id">274</field>
      <field name="name">DISCARD</field>
    </row>
    <row>
      <field name="help_keyword_id">275</field>
      <field name="name">HEAP</field>
    </row>
    <row>
      <field name="help_keyword_id">276</field>
      <field name="name">SOUNDS</field>
    </row>
    <row>
      <field name="help_keyword_id">277</field>
      <field name="name">BETWEEN</field>
    </row>
    <row>
      <field name="help_keyword_id">278</field>
      <field name="name">MULTILINESTRINGFROMTEXT</field>
    </row>
    <row>
      <field name="help_keyword_id">279</field>
      <field name="name">REPAIR</field>
    </row>
    <row>
      <field name="help_keyword_id">280</field>
      <field name="name">PACK_KEYS</field>
    </row>
    <row>
      <field name="help_keyword_id">281</field>
      <field name="name">FAST</field>
    </row>
    <row>
      <field name="help_keyword_id">282</field>
      <field name="name">CALL</field>
    </row>
    <row>
      <field name="help_keyword_id">283</field>
      <field name="name">VALUES</field>
    </row>
    <row>
      <field name="help_keyword_id">284</field>
      <field name="name">LOOP</field>
    </row>
    <row>
      <field name="help_keyword_id">285</field>
      <field name="name">VARCHARACTER</field>
    </row>
    <row>
      <field name="help_keyword_id">286</field>
      <field name="name">BEFORE</field>
    </row>
    <row>
      <field name="help_keyword_id">287</field>
      <field name="name">TRUNCATE</field>
    </row>
    <row>
      <field name="help_keyword_id">288</field>
      <field name="name">SHOW</field>
    </row>
    <row>
      <field name="help_keyword_id">289</field>
      <field name="name">ALL</field>
    </row>
    <row>
      <field name="help_keyword_id">290</field>
      <field name="name">REDUNDANT</field>
    </row>
    <row>
      <field name="help_keyword_id">291</field>
      <field name="name">USER_RESOURCES</field>
    </row>
    <row>
      <field name="help_keyword_id">292</field>
      <field name="name">PARTIAL</field>
    </row>
    <row>
      <field name="help_keyword_id">293</field>
      <field name="name">BINLOG</field>
    </row>
    <row>
      <field name="help_keyword_id">294</field>
      <field name="name">END</field>
    </row>
    <row>
      <field name="help_keyword_id">295</field>
      <field name="name">SECOND</field>
    </row>
    <row>
      <field name="help_keyword_id">296</field>
      <field name="name">AND</field>
    </row>
    <row>
      <field name="help_keyword_id">297</field>
      <field name="name">FLOAT8</field>
    </row>
    <row>
      <field name="help_keyword_id">298</field>
      <field name="name">PREV</field>
    </row>
    <row>
      <field name="help_keyword_id">299</field>
      <field name="name">HOUR</field>
    </row>
    <row>
      <field name="help_keyword_id">300</field>
      <field name="name">SELECT</field>
    </row>
    <row>
      <field name="help_keyword_id">301</field>
      <field name="name">DATABASES</field>
    </row>
    <row>
      <field name="help_keyword_id">302</field>
      <field name="name">OR</field>
    </row>
    <row>
      <field name="help_keyword_id">303</field>
      <field name="name">IDENTIFIED</field>
    </row>
    <row>
      <field name="help_keyword_id">304</field>
      <field name="name">WRAPPER</field>
    </row>
    <row>
      <field name="help_keyword_id">305</field>
      <field name="name">MASTER_SSL_CIPHER</field>
    </row>
    <row>
      <field name="help_keyword_id">306</field>
      <field name="name">SQL_SLAVE_SKIP_COUNTER</field>
    </row>
    <row>
      <field name="help_keyword_id">307</field>
      <field name="name">BOTH</field>
    </row>
    <row>
      <field name="help_keyword_id">308</field>
      <field name="name">BOOL</field>
    </row>
    <row>
      <field name="help_keyword_id">309</field>
      <field name="name">YEAR</field>
    </row>
    <row>
      <field name="help_keyword_id">310</field>
      <field name="name">MASTER_PORT</field>
    </row>
    <row>
      <field name="help_keyword_id">311</field>
      <field name="name">CONCURRENT</field>
    </row>
    <row>
      <field name="help_keyword_id">312</field>
      <field name="name">HELP</field>
    </row>
    <row>
      <field name="help_keyword_id">313</field>
      <field name="name">UNIQUE</field>
    </row>
    <row>
      <field name="help_keyword_id">314</field>
      <field name="name">TRIGGERS</field>
    </row>
    <row>
      <field name="help_keyword_id">315</field>
      <field name="name">PROCESS</field>
    </row>
    <row>
      <field name="help_keyword_id">316</field>
      <field name="name">OPTIONS</field>
    </row>
    <row>
      <field name="help_keyword_id">317</field>
      <field name="name">RESIGNAL</field>
    </row>
    <row>
      <field name="help_keyword_id">318</field>
      <field name="name">CONSISTENT</field>
    </row>
    <row>
      <field name="help_keyword_id">319</field>
      <field name="name">MASTER_SSL</field>
    </row>
    <row>
      <field name="help_keyword_id">320</field>
      <field name="name">DATE_ADD</field>
    </row>
    <row>
      <field name="help_keyword_id">321</field>
      <field name="name">MAX_CONNECTIONS_PER_HOUR</field>
    </row>
    <row>
      <field name="help_keyword_id">322</field>
      <field name="name">LIKE</field>
    </row>
    <row>
      <field name="help_keyword_id">323</field>
      <field name="name">PLUGIN</field>
    </row>
    <row>
      <field name="help_keyword_id">324</field>
      <field name="name">FETCH</field>
    </row>
    <row>
      <field name="help_keyword_id">325</field>
      <field name="name">IN</field>
    </row>
    <row>
      <field name="help_keyword_id">326</field>
      <field name="name">COLUMN</field>
    </row>
    <row>
      <field name="help_keyword_id">327</field>
      <field name="name">DUMPFILE</field>
    </row>
    <row>
      <field name="help_keyword_id">328</field>
      <field name="name">USAGE</field>
    </row>
    <row>
      <field name="help_keyword_id">329</field>
      <field name="name">EXECUTE</field>
    </row>
    <row>
      <field name="help_keyword_id">330</field>
      <field name="name">MEMORY</field>
    </row>
    <row>
      <field name="help_keyword_id">331</field>
      <field name="name">CEIL</field>
    </row>
    <row>
      <field name="help_keyword_id">332</field>
      <field name="name">QUERY</field>
    </row>
    <row>
      <field name="help_keyword_id">333</field>
      <field name="name">MASTER_HOST</field>
    </row>
    <row>
      <field name="help_keyword_id">334</field>
      <field name="name">LINES</field>
    </row>
    <row>
      <field name="help_keyword_id">335</field>
      <field name="name">SQL_THREAD</field>
    </row>
    <row>
      <field name="help_keyword_id">336</field>
      <field name="name">SERVER</field>
    </row>
    <row>
      <field name="help_keyword_id">337</field>
      <field name="name">MAX_QUERIES_PER_HOUR</field>
    </row>
    <row>
      <field name="help_keyword_id">338</field>
      <field name="name">MASTER_SSL_CERT</field>
    </row>
    <row>
      <field name="help_keyword_id">339</field>
      <field name="name">MULTIPOLYGONFROMWKB</field>
    </row>
    <row>
      <field name="help_keyword_id">340</field>
      <field name="name">TRANSACTION</field>
    </row>
    <row>
      <field name="help_keyword_id">341</field>
      <field name="name">DAY_MINUTE</field>
    </row>
    <row>
      <field name="help_keyword_id">342</field>
      <field name="name">STDDEV</field>
    </row>
    <row>
      <field name="help_keyword_id">343</field>
      <field name="name">DATE_SUB</field>
    </row>
    <row>
      <field name="help_keyword_id">344</field>
      <field name="name">REBUILD</field>
    </row>
    <row>
      <field name="help_keyword_id">345</field>
      <field name="name">GEOMETRYFROMWKB</field>
    </row>
    <row>
      <field name="help_keyword_id">346</field>
      <field name="name">INT1</field>
    </row>
    <row>
      <field name="help_keyword_id">347</field>
      <field name="name">RENAME</field>
    </row>
    <row>
      <field name="help_keyword_id">348</field>
      <field name="name">PARSER</field>
    </row>
    <row>
      <field name="help_keyword_id">349</field>
      <field name="name">RIGHT</field>
    </row>
    <row>
      <field name="help_keyword_id">350</field>
      <field name="name">ALTER</field>
    </row>
    <row>
      <field name="help_keyword_id">351</field>
      <field name="name">MAX_ROWS</field>
    </row>
    <row>
      <field name="help_keyword_id">352</field>
      <field name="name">SOCKET</field>
    </row>
    <row>
      <field name="help_keyword_id">353</field>
      <field name="name">STRAIGHT_JOIN</field>
    </row>
    <row>
      <field name="help_keyword_id">354</field>
      <field name="name">NATURAL</field>
    </row>
    <row>
      <field name="help_keyword_id">355</field>
      <field name="name">VARIABLES</field>
    </row>
    <row>
      <field name="help_keyword_id">356</field>
      <field name="name">ESCAPED</field>
    </row>
    <row>
      <field name="help_keyword_id">357</field>
      <field name="name">SHA1</field>
    </row>
    <row>
      <field name="help_keyword_id">358</field>
      <field name="name">KEY_BLOCK_SIZE</field>
    </row>
    <row>
      <field name="help_keyword_id">359</field>
      <field name="name">PASSWORD</field>
    </row>
    <row>
      <field name="help_keyword_id">360</field>
      <field name="name">OFFSET</field>
    </row>
    <row>
      <field name="help_keyword_id">361</field>
      <field name="name">CHAR</field>
    </row>
    <row>
      <field name="help_keyword_id">362</field>
      <field name="name">NEXT</field>
    </row>
    <row>
      <field name="help_keyword_id">363</field>
      <field name="name">SQL_LOG_BIN</field>
    </row>
    <row>
      <field name="help_keyword_id">364</field>
      <field name="name">ERRORS</field>
    </row>
    <row>
      <field name="help_keyword_id">365</field>
      <field name="name">TEMPORARY</field>
    </row>
    <row>
      <field name="help_keyword_id">366</field>
      <field name="name">COMMITTED</field>
    </row>
    <row>
      <field name="help_keyword_id">367</field>
      <field name="name">SQL_SMALL_RESULT</field>
    </row>
    <row>
      <field name="help_keyword_id">368</field>
      <field name="name">UPGRADE</field>
    </row>
    <row>
      <field name="help_keyword_id">369</field>
      <field name="name">BEGIN</field>
    </row>
    <row>
      <field name="help_keyword_id">370</field>
      <field name="name">DELAY_KEY_WRITE</field>
    </row>
    <row>
      <field name="help_keyword_id">371</field>
      <field name="name">PROFILE</field>
    </row>
    <row>
      <field name="help_keyword_id">372</field>
      <field name="name">MEDIUM</field>
    </row>
    <row>
      <field name="help_keyword_id">373</field>
      <field name="name">INTERVAL</field>
    </row>
    <row>
      <field name="help_keyword_id">374</field>
      <field name="name">SSL</field>
    </row>
    <row>
      <field name="help_keyword_id">375</field>
      <field name="name">DAY_HOUR</field>
    </row>
    <row>
      <field name="help_keyword_id">376</field>
      <field name="name">NAME</field>
    </row>
    <row>
      <field name="help_keyword_id">377</field>
      <field name="name">REFERENCES</field>
    </row>
    <row>
      <field name="help_keyword_id">378</field>
      <field name="name">AES_ENCRYPT</field>
    </row>
    <row>
      <field name="help_keyword_id">379</field>
      <field name="name">STORAGE</field>
    </row>
    <row>
      <field name="help_keyword_id">380</field>
      <field name="name">ISOLATION</field>
    </row>
    <row>
      <field name="help_keyword_id">381</field>
      <field name="name">CEILING</field>
    </row>
    <row>
      <field name="help_keyword_id">382</field>
      <field name="name">EVERY</field>
    </row>
    <row>
      <field name="help_keyword_id">383</field>
      <field name="name">INT8</field>
    </row>
    <row>
      <field name="help_keyword_id">384</field>
      <field name="name">AUTHORS</field>
    </row>
    <row>
      <field name="help_keyword_id">385</field>
      <field name="name">RESTRICT</field>
    </row>
    <row>
      <field name="help_keyword_id">386</field>
      <field name="name">UNCOMMITTED</field>
    </row>
    <row>
      <field name="help_keyword_id">387</field>
      <field name="name">LINESTRINGFROMTEXT</field>
    </row>
    <row>
      <field name="help_keyword_id">388</field>
      <field name="name">IS</field>
    </row>
    <row>
      <field name="help_keyword_id">389</field>
      <field name="name">NOT</field>
    </row>
    <row>
      <field name="help_keyword_id">390</field>
      <field name="name">ANALYSE</field>
    </row>
    <row>
      <field name="help_keyword_id">391</field>
      <field name="name">SIGNAL</field>
    </row>
    <row>
      <field name="help_keyword_id">392</field>
      <field name="name">DES_KEY_FILE</field>
    </row>
    <row>
      <field name="help_keyword_id">393</field>
      <field name="name">COMPRESSED</field>
    </row>
    <row>
      <field name="help_keyword_id">394</field>
      <field name="name">START</field>
    </row>
    <row>
      <field name="help_keyword_id">395</field>
      <field name="name">PLUGINS</field>
    </row>
    <row>
      <field name="help_keyword_id">396</field>
      <field name="name">SAVEPOINT</field>
    </row>
    <row>
      <field name="help_keyword_id">397</field>
      <field name="name">IF</field>
    </row>
    <row>
      <field name="help_keyword_id">398</field>
      <field name="name">ROWS</field>
    </row>
    <row>
      <field name="help_keyword_id">399</field>
      <field name="name">PRIMARY</field>
    </row>
    <row>
      <field name="help_keyword_id">400</field>
      <field name="name">PURGE</field>
    </row>
    <row>
      <field name="help_keyword_id">401</field>
      <field name="name">USER</field>
    </row>
    <row>
      <field name="help_keyword_id">402</field>
      <field name="name">INNOBASE</field>
    </row>
    <row>
      <field name="help_keyword_id">403</field>
      <field name="name">LAST</field>
    </row>
    <row>
      <field name="help_keyword_id">404</field>
      <field name="name">EXIT</field>
    </row>
    <row>
      <field name="help_keyword_id">405</field>
      <field name="name">KEYS</field>
    </row>
    <row>
      <field name="help_keyword_id">406</field>
      <field name="name">LIMIT</field>
    </row>
    <row>
      <field name="help_keyword_id">407</field>
      <field name="name">KEY</field>
    </row>
    <row>
      <field name="help_keyword_id">408</field>
      <field name="name">MERGE</field>
    </row>
    <row>
      <field name="help_keyword_id">409</field>
      <field name="name">UNTIL</field>
    </row>
    <row>
      <field name="help_keyword_id">410</field>
      <field name="name">SQL_NO_CACHE</field>
    </row>
    <row>
      <field name="help_keyword_id">411</field>
      <field name="name">DELAYED</field>
    </row>
    <row>
      <field name="help_keyword_id">412</field>
      <field name="name">CONSTRAINT_SCHEMA</field>
    </row>
    <row>
      <field name="help_keyword_id">413</field>
      <field name="name">ANALYZE</field>
    </row>
    <row>
      <field name="help_keyword_id">414</field>
      <field name="name">CONSTRAINT</field>
    </row>
    <row>
      <field name="help_keyword_id">415</field>
      <field name="name">SERIAL</field>
    </row>
    <row>
      <field name="help_keyword_id">416</field>
      <field name="name">ACTION</field>
    </row>
    <row>
      <field name="help_keyword_id">417</field>
      <field name="name">WRITE</field>
    </row>
    <row>
      <field name="help_keyword_id">418</field>
      <field name="name">SESSION</field>
    </row>
    <row>
      <field name="help_keyword_id">419</field>
      <field name="name">DATABASE</field>
    </row>
    <row>
      <field name="help_keyword_id">420</field>
      <field name="name">NULL</field>
    </row>
    <row>
      <field name="help_keyword_id">421</field>
      <field name="name">POWER</field>
    </row>
    <row>
      <field name="help_keyword_id">422</field>
      <field name="name">USE_FRM</field>
    </row>
    <row>
      <field name="help_keyword_id">423</field>
      <field name="name">TERMINATED</field>
    </row>
    <row>
      <field name="help_keyword_id">424</field>
      <field name="name">SLAVE</field>
    </row>
    <row>
      <field name="help_keyword_id">425</field>
      <field name="name">NVARCHAR</field>
    </row>
    <row>
      <field name="help_keyword_id">426</field>
      <field name="name">ASC</field>
    </row>
    <row>
      <field name="help_keyword_id">427</field>
      <field name="name">RETURN</field>
    </row>
    <row>
      <field name="help_keyword_id">428</field>
      <field name="name">OPTIONALLY</field>
    </row>
    <row>
      <field name="help_keyword_id">429</field>
      <field name="name">ENABLE</field>
    </row>
    <row>
      <field name="help_keyword_id">430</field>
      <field name="name">DIRECTORY</field>
    </row>
    <row>
      <field name="help_keyword_id">431</field>
      <field name="name">WHILE</field>
    </row>
    <row>
      <field name="help_keyword_id">432</field>
      <field name="name">MAX_USER_CONNECTIONS</field>
    </row>
    <row>
      <field name="help_keyword_id">433</field>
      <field name="name">LOCAL</field>
    </row>
    <row>
      <field name="help_keyword_id">434</field>
      <field name="name">DISTINCT</field>
    </row>
    <row>
      <field name="help_keyword_id">435</field>
      <field name="name">AES_DECRYPT</field>
    </row>
    <row>
      <field name="help_keyword_id">436</field>
      <field name="name">MASTER_SSL_KEY</field>
    </row>
    <row>
      <field name="help_keyword_id">437</field>
      <field name="name">NONE</field>
    </row>
    <row>
      <field name="help_keyword_id">438</field>
      <field name="name">TABLES</field>
    </row>
    <row>
      <field name="help_keyword_id">439</field>
      <field name="name">&lt;&gt;</field>
    </row>
    <row>
      <field name="help_keyword_id">440</field>
      <field name="name">RLIKE</field>
    </row>
    <row>
      <field name="help_keyword_id">441</field>
      <field name="name">TRIGGER</field>
    </row>
    <row>
      <field name="help_keyword_id">442</field>
      <field name="name">COLLATION</field>
    </row>
    <row>
      <field name="help_keyword_id">443</field>
      <field name="name">SHUTDOWN</field>
    </row>
    <row>
      <field name="help_keyword_id">444</field>
      <field name="name">HIGH_PRIORITY</field>
    </row>
    <row>
      <field name="help_keyword_id">445</field>
      <field name="name">BTREE</field>
    </row>
    <row>
      <field name="help_keyword_id">446</field>
      <field name="name">FIRST</field>
    </row>
    <row>
      <field name="help_keyword_id">447</field>
      <field name="name">COALESCE</field>
    </row>
    <row>
      <field name="help_keyword_id">448</field>
      <field name="name">CATALOG_NAME</field>
    </row>
    <row>
      <field name="help_keyword_id">449</field>
      <field name="name">MASTER</field>
    </row>
    <row>
      <field name="help_keyword_id">450</field>
      <field name="name">FIXED</field>
    </row>
    <row>
      <field name="help_keyword_id">451</field>
      <field name="name">MULTIPOLYGONFROMTEXT</field>
    </row>
    <row>
      <field name="help_keyword_id">452</field>
      <field name="name">ROW_FORMAT</field>
    </row>
</ROOT>
